platformQid,name,isMajor,platformType,generation,releaseYear,expectedCount,wdqsCount,wikiRosterCount,overlapCount,wdqsOnly,wikiOnly,gamesRosterFetchedCount,gamesRosterDone,gamesCursorQid,gamesCursorUpdatedAt,gamesIngestedAt,lastEnrichedAt
Q13361286,Xbox One,true,HOME_CONSOLE,,2013,4026,3684,0,0,3684,0,0,false,Q99992123,2026-02-25T20:40:57.303Z,2026-02-25T20:40:57.303Z,2026-02-26T01:45:49.392Z
Q10683,PlayStation 3,true,HOME_CONSOLE,,2006,2174,3183,0,0,3183,0,0,false,Q99913533,2026-02-25T20:40:53.957Z,2026-02-25T20:40:53.957Z,2026-02-26T01:45:49.391Z
Q48263,Xbox 360,true,HOME_CONSOLE,,2005,1979,1801,4,4,1797,0,0,false,Q99913542,2026-02-25T20:40:52.851Z,2026-02-25T20:40:52.851Z,2026-02-26T01:45:49.390Z
Q170325,PlayStation Portable,true,HANDHELD,,2004,1284,1502,0,0,1502,0,0,false,,,,2026-02-26T01:47:38.236Z
Q8079,Wii,true,HOME_CONSOLE,,2006,1472,1441,0,0,1441,0,0,false,Q99743337,2026-02-25T20:40:51.740Z,2026-02-25T20:40:51.740Z,2026-02-26T01:45:49.391Z
Q10680,PlayStation 2,true,HOME_CONSOLE,,2000,3200,1437,1502,123,1314,1379,0,false,,,,2026-02-26T01:46:32.215Z
Q172742,Nintendo Entertainment System,true,HOME_CONSOLE,,1983,1216,1367,1367,1367,0,0,0,false,,,,2026-02-26T01:47:38.237Z
Q132020,Xbox,true,HOME_CONSOLE,,2001,1052,1021,1248,849,172,399,0,false,Q99913976,2026-02-25T20:40:58.733Z,2026-02-25T20:40:58.733Z,2026-02-26T01:45:49.392Z
Q94,Android,true,MOBILE,,,4558,0,0,0,0,0,0,false,,,,2026-02-26T01:48:00.544Z
Q355,Facebook,true,MOBILE,,,34,0,0,0,0,0,0,false,,,,2026-02-26T01:47:50.117Z
Q48493,iOS,true,MOBILE,,2007,5893,0,0,0,0,0,0,false,,,,2026-02-26T01:47:50.123Z
Q388,Linux,true,COMPUTER,,,18438,0,0,0,0,0,0,false,,,,2026-02-26T01:47:50.118Z
Q75687,Mac,true,COMPUTER,,1984,136,0,0,0,0,0,0,false,,,,2026-02-26T01:48:00.541Z
Q14116,macOS,true,COMPUTER,,2001,25045,0,0,0,0,0,0,false,,,,2026-02-26T01:47:38.233Z
Q1406,Microsoft Windows,true,COMPUTER,,1985,138163,0,0,0,0,0,0,false,,,,2026-02-26T01:47:38.232Z
Q17517,mobile phone,true,HANDHELD,,,121,0,0,0,0,0,0,false,,,,2026-02-26T01:47:38.237Z
Q47604,MS-DOS,true,COMPUTER,,1981,290,0,0,0,0,0,0,false,,,,2026-02-26T01:47:50.119Z
Q19610114,Nintendo Switch,true,HYBRID,,2017,7036,0,0,0,0,0,0,false,,,,2026-02-26T01:47:38.245Z
Q16338,personal computer,true,COMPUTER,,,324,0,0,0,0,0,0,false,,,,2026-02-26T01:47:38.234Z
Q10677,PlayStation,true,HOME_CONSOLE,,1994,2093,0,1201,0,0,1201,0,false,,,,2026-02-26T01:46:32.215Z
Q5014725,PlayStation 4,true,HOME_CONSOLE,,2013,6107,0,0,0,0,0,0,false,,,,2026-02-26T01:47:50.124Z
Q63184502,PlayStation 5,true,HOME_CONSOLE,,2020,2983,0,0,0,0,0,0,false,,,,2026-02-26T01:47:50.126Z
Q483318,Symbian,true,MOBILE,,,20,0,0,0,0,0,0,false,,,,2026-02-26T01:47:50.120Z
Q6368,web browser,true,OTHER,,,1029,0,0,0,0,0,0,false,,,,2026-02-26T01:47:50.126Z
Q4885200,Windows Phone,true,MOBILE,,2010,164,0,0,0,0,0,0,false,,,,2026-02-26T01:47:50.123Z
Q98973368,Xbox Series X and Series S,false,HOME_CONSOLE,,2020,3491,3263,0,0,3263,0,0,false,Q99990957,2026-02-25T20:41:02.386Z,2026-02-25T20:41:02.386Z,2026-02-26T01:45:49.393Z
Q751046,IBM PC compatible,false,COMPUTER,,,64,1248,0,0,1248,0,0,false,,,,2026-02-26T01:47:56.601Z
Q188808,PlayStation Vita,false,HANDHELD,,2011,969,870,0,0,870,0,0,false,,,,2026-02-26T01:47:38.243Z
Q56942,Wii U,false,HOME_CONSOLE,,2012,867,856,0,0,856,0,0,false,Q98915523,2026-02-25T20:41:00.035Z,2026-02-25T20:41:00.035Z,2026-02-26T01:45:49.393Z
Q184839,Nintendo 64,false,HOME_CONSOLE,,1996,423,534,534,534,0,0,0,false,,,,2026-02-26T01:47:38.240Z
Q1047516,Sega CD,false,HOME_CONSOLE,,1991,169,168,0,0,168,0,0,false,Q96033352,2026-02-25T20:41:05.288Z,2026-02-25T20:41:05.288Z,2026-02-26T01:45:49.396Z
Q229429,3DO,false,HOME_CONSOLE,,1993,159,158,0,0,158,0,0,false,Q975529,2026-02-25T20:41:03.307Z,2026-02-25T20:41:03.307Z,2026-02-26T01:45:49.394Z
Q1046862,ColecoVision,false,HOME_CONSOLE,,1982,130,130,0,0,130,0,0,false,Q917503,2026-02-25T20:41:03.997Z,2026-02-25T20:41:03.997Z,2026-02-26T01:45:49.395Z
Q695161,Amiga CD32,false,HOME_CONSOLE,,1993,78,78,0,0,78,0,0,false,Q979571,2026-02-25T20:41:03.788Z,2026-02-25T20:41:03.788Z,2026-02-26T01:45:49.395Z
Q743222,Atari 5200,false,HOME_CONSOLE,,1982,68,68,0,0,68,0,0,false,Q917503,2026-02-25T20:41:02.997Z,2026-02-25T20:41:02.997Z,2026-02-26T01:45:49.394Z
Q650601,Atari Jaguar,false,HOME_CONSOLE,,1993,58,53,0,0,53,0,0,false,Q972320,2026-02-25T20:41:02.705Z,2026-02-25T20:41:02.705Z,2026-02-26T01:45:49.394Z
Q753657,Atari Lynx,false,HANDHELD,,1989,52,51,0,0,51,0,0,false,Q98067407,2026-02-25T20:41:03.495Z,2026-02-25T20:41:03.495Z,2026-02-26T01:45:49.394Z
Q1063978,Sega 32X,false,HOME_CONSOLE,,1994,32,40,0,0,40,0,0,false,Q880945,2026-02-25T20:41:05.826Z,2026-02-25T20:41:05.826Z,2026-02-26T01:45:49.396Z
Q1136902,PC-FX,false,HOME_CONSOLE,,1994,26,26,0,0,26,0,0,false,Q745804,2026-02-25T20:41:06.636Z,2026-02-25T20:41:06.636Z,2026-02-26T01:45:49.397Z
Q576932,Magnavox Odyssey 2,false,HOME_CONSOLE,,1978,25,25,0,0,25,0,0,false,Q96240028,2026-02-25T20:41:06.774Z,2026-02-25T20:41:06.774Z,2026-02-26T01:45:49.397Z
Q955368,CDTV,false,COMPUTER,,1991,21,21,0,0,21,0,0,false,Q864177,2026-02-25T20:41:06.317Z,2026-02-25T20:41:06.317Z,2026-02-26T01:45:49.397Z
Q981935,Amstrad GX4000,false,HOME_CONSOLE,,1990,,6,0,0,6,0,0,false,Q77663889,2026-02-25T20:41:07.284Z,2026-02-25T20:41:07.284Z,2026-02-26T01:45:49.397Z
Q15015195,Apple Pippin,false,HOME_CONSOLE,,,,6,0,0,6,0,0,false,Q795399,2026-02-25T20:41:05.480Z,2026-02-25T20:41:05.480Z,2026-02-26T01:45:49.396Z
Q41168744,Atari VCS,false,HOME_CONSOLE,,2021,,4,0,0,4,0,0,false,,,,2026-02-26T01:45:49.399Z
Q285025,iQue Player,false,HOME_CONSOLE,,2003,,4,0,0,4,0,0,false,Q213911,2026-02-25T20:41:07.637Z,2026-02-25T20:41:07.637Z,2026-02-26T01:45:49.397Z
Q1190117,Super Game Boy,false,HOME_CONSOLE,,,,3,0,0,3,0,0,false,Q2825397,2026-02-25T20:41:07.071Z,2026-02-25T20:41:07.071Z,2026-02-26T01:45:49.397Z
Q137982318,Q137982318,false,HOME_CONSOLE,,,,2,0,0,2,0,0,false,,,,2026-02-26T01:47:38.230Z
Q379965,Entex Adventure Vision,false,HOME_CONSOLE,,1982,,1,0,0,1,0,0,false,,,,2026-02-26T01:45:49.398Z
Q733136,Mega Duck,false,HANDHELD,,1993,,1,0,0,1,0,0,false,,,,2026-02-26T01:45:55.581Z
Q1977455,Neo Geo Pocket Color,false,HANDHELD,,1999,33,1,0,0,1,0,0,false,,,,2026-02-26T01:45:49.398Z
Q7820426,Tomy Tutor,false,COMPUTER,,1982,,1,0,0,1,0,0,false,,,,2026-02-26T01:45:49.401Z
Q762020,Xperia Play,false,HANDHELD,,2011,,1,0,0,1,0,0,false,Q286205,2026-02-25T20:41:07.853Z,2026-02-25T20:41:07.853Z,2026-02-26T01:45:49.397Z
Q67723074,101,false,HOME_CONSOLE,,1977,,0,0,0,0,0,0,false,,,,2026-02-26T01:47:56.598Z
Q67723516,105,false,HOME_CONSOLE,,1977,,0,0,0,0,0,0,false,,,,2026-02-26T01:47:56.599Z
Q71390004,108,false,HOME_CONSOLE,,1978,,0,0,0,0,0,0,false,,,,2026-02-26T01:47:56.600Z
Q69997750,10 Sports Tele,false,HOME_CONSOLE,,1978,,0,0,0,0,0,0,false,,,,2026-02-26T01:47:56.599Z
Q2037599,1292 Advanced Programmable Video System,false,HOME_CONSOLE,,1978,,0,0,0,0,0,0,false,,,,2026-02-26T01:45:55.581Z
Q209030,1chipMSX,false,COMPUTER,,2006,,0,0,0,0,0,0,false,,,,2026-02-26T01:45:55.581Z
Q74161577,2000 T.V. Game,false,HOME_CONSOLE,,1978,,0,0,0,0,0,0,false,,,,2026-02-26T01:47:56.600Z
Q67725392,201,false,HOME_CONSOLE,,1977,,0,0,0,0,0,0,false,,,,2026-02-26T01:47:56.599Z
Q66809760,304,false,HOME_CONSOLE,,1977,,0,0,0,0,0,0,false,,,,2026-02-26T01:47:56.597Z
Q67011401,304 Video Game,false,HOME_CONSOLE,,1977,,0,0,0,0,0,0,false,,,,2026-02-26T01:47:56.597Z
Q114568853,32blit,false,HANDHELD,,,,0,0,0,0,0,0,false,,,,2026-02-26T01:46:25.720Z
Q70877303,406-6 Color TV Sports Video Game,false,HOME_CONSOLE,,1977,,0,0,0,0,0,0,false,,,,2026-02-26T01:47:56.599Z
Q70881969,41N,false,HOME_CONSOLE,,1977,,0,0,0,0,0,0,false,,,,2026-02-26T01:47:56.599Z
Q70882845,4200n,false,HOME_CONSOLE,,1977,,0,0,0,0,0,0,false,,,,2026-02-26T01:47:56.600Z
Q67206378,4711 Most Exciting Tank Battle,false,HOME_CONSOLE,,1977,,0,0,0,0,0,0,false,,,,2026-02-26T01:47:56.598Z
Q66811875,4A-8 (9015),false,HOME_CONSOLE,,1978,,0,0,0,0,0,0,false,,,,2026-02-26T01:46:32.211Z
Q67015338,4A Video Game,false,HOME_CONSOLE,,1977,,0,0,0,0,0,0,false,,,,2026-02-26T01:47:56.597Z
Q69997539,4 Sports Tele,false,HOME_CONSOLE,,1978,,0,0,0,0,0,0,false,,,,2026-02-26T01:47:56.599Z
Q70090737,5 Jeux - 2002,false,HOME_CONSOLE,,1977,,0,0,0,0,0,0,false,,,,2026-02-26T01:47:56.599Z
Q12760765,677,false,HOME_CONSOLE,,1978,,0,0,0,0,0,0,false,,,,2026-02-26T01:46:01.149Z
Q67016114,6 (96),false,HOME_CONSOLE,,1977,,0,0,0,0,0,0,false,,,,2026-02-26T01:47:56.598Z
Q70882963,6IN,false,HOME_CONSOLE,,1978,,0,0,0,0,0,0,false,,,,2026-02-26T01:47:56.600Z
Q74153057,7000 Color,false,HOME_CONSOLE,,1978,,0,0,0,0,0,0,false,,,,2026-02-26T01:47:56.600Z
Q69742376,7640,false,HOME_CONSOLE,,1976,,0,0,0,0,0,0,false,,,,2026-02-26T01:47:56.599Z
Q66817363,7771-G,false,HOME_CONSOLE,,1977,,0,0,0,0,0,0,false,,,,2026-02-26T01:47:56.597Z
Q66817268,7771-P,false,HOME_CONSOLE,,1977,,0,0,0,0,0,0,false,,,,2026-02-26T01:46:32.211Z
Q73875814,7N TV game,false,HOME_CONSOLE,,1977,,0,0,0,0,0,0,false,,,,2026-02-26T01:47:56.600Z
Q66817374,888,false,HOME_CONSOLE,,1977,,0,0,0,0,0,0,false,,,,2026-02-26T01:47:56.597Z
Q67073994,8 Electronic TV Game (MT-1A8),false,HOME_CONSOLE,,1977,,0,0,0,0,0,0,false,,,,2026-02-26T01:47:56.598Z
Q69997621,8 Sports Tele,false,HOME_CONSOLE,,1978,,0,0,0,0,0,0,false,,,,2026-02-26T01:47:56.599Z
Q67198804,9008,false,HOME_CONSOLE,,1977,,0,0,0,0,0,0,false,,,,2026-02-26T01:47:56.598Z
Q67197342,9009 Video game,false,HOME_CONSOLE,,1977,,0,0,0,0,0,0,false,,,,2026-02-26T01:47:56.598Z
Q72812708,9012  Color TV sports,false,HOME_CONSOLE,,1977,,0,0,0,0,0,0,false,,,,2026-02-26T01:47:56.600Z
Q67197317,9012 Color video game,false,HOME_CONSOLE,,1977,,0,0,0,0,0,0,false,,,,2026-02-26T01:47:56.598Z
Q67077339,9012 Color Video Game,false,HOME_CONSOLE,,1977,,0,0,0,0,0,0,false,,,,2026-02-26T01:47:56.598Z
Q67198814,9014 Panzerschlacht,false,HOME_CONSOLE,,1977,,0,0,0,0,0,0,false,,,,2026-02-26T01:47:56.598Z
Q67206610,9015,false,HOME_CONSOLE,,1978,,0,0,0,0,0,0,false,,,,2026-02-26T01:47:56.598Z
Q67198829,9015,false,HOME_CONSOLE,,1977,,0,0,0,0,0,0,false,,,,2026-02-26T01:47:56.598Z
Q67077158,9015 Color-Cassetten,false,HOME_CONSOLE,,1977,,0,0,0,0,0,0,false,,,,2026-02-26T01:47:56.598Z
Q67198857,9016 Telespiel Computer,false,COMPUTER,,1978,,0,0,0,0,0,0,false,,,,2026-02-26T01:47:56.598Z
Q66085305,9017 Colour TV Game,false,HOME_CONSOLE,,,,0,0,0,0,0,0,false,,,,2026-02-26T01:47:56.597Z
Q41357,Acorn Archimedes,false,COMPUTER,,,79,0,0,0,0,0,0,false,,,,2026-02-26T01:47:50.119Z
Q342163,Acorn Electron,false,COMPUTER,,1983,74,0,0,0,0,0,0,false,,,,2026-02-26T01:47:50.116Z
Q4677106,Action Gamemaster,false,HANDHELD,,,,0,0,0,0,0,0,false,,,,2026-02-26T01:46:01.150Z
Q343682,Action Max,false,HOME_CONSOLE,,1987,,0,0,0,0,0,0,false,,,,2026-02-26T01:45:49.401Z
Q114755553,Activision Family Game,false,HOME_CONSOLE,,,,0,0,0,0,0,0,false,,,,2026-02-26T01:46:57.263Z
Q114833800,Adafruit PyGamer,false,HANDHELD,,2019,,0,0,0,0,0,0,false,,,,2026-02-26T01:46:25.722Z
Q71129179,Adman Sportsvision TV Game Model 1000,false,HOME_CONSOLE,,1977,,0,0,0,0,0,0,false,,,,2026-02-26T01:47:56.600Z
Q65964680,Adman TVG-2600 MK II,false,HOME_CONSOLE,,1977,,0,0,0,0,0,0,false,,,,2026-02-26T01:47:56.597Z
Q165658,Adobe Flash,false,OTHER,,,100,0,0,0,0,0,0,false,,,,2026-02-26T01:47:38.234Z
Q4686254,Advanced Pico Beena,false,HOME_CONSOLE,,2005,,0,0,0,0,0,0,false,,,,2026-02-26T01:46:01.146Z
Q67201151,Adversary 370,false,HOME_CONSOLE,,1976,,0,0,0,0,0,0,false,,,,2026-02-26T01:47:56.598Z
Q74071095,Ags TVG 101-4,false,HOME_CONSOLE,,1977,,0,0,0,0,0,0,false,,,,2026-02-26T01:47:56.600Z
Q4032935,ALF TV Game,false,HOME_CONSOLE,,1991,,0,0,0,0,0,0,false,,,,2026-02-26T01:45:55.584Z
Q67080840,All Star (VMV9),false,HOME_CONSOLE,,1978,,0,0,0,0,0,0,false,,,,2026-02-26T01:47:56.598Z
Q3979806,Ameprod Television Game 10,false,HOME_CONSOLE,,1978,,0,0,0,0,0,0,false,,,,2026-02-26T01:45:55.581Z
Q471094,Amiga 1200,false,COMPUTER,,1992,72,0,0,0,0,0,0,false,,,,2026-02-26T01:47:50.119Z
Q114810730,Amiga A500 Mini,false,HOME_CONSOLE,,2022,,0,0,0,0,0,0,false,,,,2026-02-26T01:46:25.721Z
Q380526,AmigaOS,false,COMPUTER,,,21,0,0,0,0,0,0,false,,,,2026-02-26T01:47:50.118Z
Q478829,Amstrad CPC,false,COMPUTER,,1984,1349,0,0,0,0,0,0,false,,,,2026-02-26T01:47:50.119Z
Q4748871,Amstrad Mega PC,false,HYBRID,,1993,,0,0,0,0,0,0,false,,,,2026-02-26T01:45:55.583Z
Q478833,Amstrad PCW,false,COMPUTER,,,45,0,0,0,0,0,0,false,,,,2026-02-26T01:47:50.120Z
Q123230144,Analogue 3D,false,HOME_CONSOLE,,,,0,0,0,0,0,0,false,,,,2026-02-26T01:46:01.144Z
Q114834045,Analogue CMVS,false,HOME_CONSOLE,,2011,,0,0,0,0,0,0,false,,,,2026-02-26T01:46:25.722Z
Q115162661,Analogue Duo,false,HOME_CONSOLE,,2021,,0,0,0,0,0,0,false,,,,2026-02-26T01:46:25.723Z
Q60749019,Analogue Mega Sg,false,HOME_CONSOLE,,2019,,0,0,0,0,0,0,false,,,,2026-02-26T01:45:55.584Z
Q28153936,Analogue NT,false,HOME_CONSOLE,,2015,,0,0,0,0,0,0,false,,,,2026-02-26T01:46:01.145Z
Q29578322,Analogue Nt mini,false,HOME_CONSOLE,,2017,,0,0,0,0,0,0,false,,,,2026-02-26T01:46:01.145Z
Q85741461,Analogue Pocket,false,HANDHELD,,2021,,0,0,0,0,0,0,false,,,,2026-02-26T01:45:55.583Z
Q48965915,Analogue Super Nt,false,HOME_CONSOLE,,2018,,0,0,0,0,0,0,false,,,,2026-02-26T01:46:01.146Z
Q114569047,Anbernic K101 Plus,false,HANDHELD,,,,0,0,0,0,0,0,false,,,,2026-02-26T01:46:57.262Z
Q114569066,Anbernic RETRO ARCADE FC/MINI,false,HANDHELD,,,,0,0,0,0,0,0,false,,,,2026-02-26T01:46:57.262Z
Q114568922,Anbernic RG280M,false,HANDHELD,,,,0,0,0,0,0,0,false,,,,2026-02-26T01:46:57.262Z
Q114569108,Anbernic RG280V,false,HANDHELD,,2020,,0,0,0,0,0,0,false,,,,2026-02-26T01:46:57.262Z
Q114569082,Anbernic RG300X,false,HANDHELD,,,,0,0,0,0,0,0,false,,,,2026-02-26T01:46:57.262Z
Q114569020,Anbernic RG350,false,HANDHELD,,,,0,0,0,0,0,0,false,,,,2026-02-26T01:46:57.262Z
Q114568927,Anbernic RG350M,false,HANDHELD,,2021,,0,0,0,0,0,0,false,,,,2026-02-26T01:46:57.262Z
Q113471742,Anbernic RG351P,false,HANDHELD,,2020,,0,0,0,0,0,0,false,,,,2026-02-26T01:46:57.260Z
Q114568939,Anbernic RG351V,false,HANDHELD,,2021,,0,0,0,0,0,0,false,,,,2026-02-26T01:46:57.262Z
Q113471658,Anbernic RG353P,false,HANDHELD,,,,0,0,0,0,0,0,false,,,,2026-02-26T01:46:57.260Z
Q119788863,Anbernic RG353PS,false,HANDHELD,,,,0,0,0,0,0,0,false,,,,2026-02-26T01:47:08.303Z
Q114568963,Anbernic RG353V,false,HANDHELD,,2022,,0,0,0,0,0,0,false,,,,2026-02-26T01:46:57.262Z
Q114568967,Anbernic RG353VS,false,HANDHELD,,2022,,0,0,0,0,0,0,false,,,,2026-02-26T01:46:57.262Z
Q115677203,Anbernic RG35XX,false,HANDHELD,,2022,,0,0,0,0,0,0,false,,,,2026-02-26T01:46:25.723Z
Q124004757,Anbernic RG35XX H,false,HANDHELD,,,,0,0,0,0,0,0,false,,,,2026-02-26T01:47:08.306Z
Q123824979,Anbernic RG35XX Plus,false,HANDHELD,,2023,,0,0,0,0,0,0,false,,,,2026-02-26T01:47:08.305Z
Q119788993,Anbernic RG405M,false,HANDHELD,,,,0,0,0,0,0,0,false,,,,2026-02-26T01:47:08.303Z
Q114568954,Anbernic RG503,false,HANDHELD,,2022,,0,0,0,0,0,0,false,,,,2026-02-26T01:46:57.262Z
Q112058782,Anbernic RG552,false,HANDHELD,,,,0,0,0,0,0,0,false,,,,2026-02-26T01:45:55.585Z
Q123532162,Anbernic RG ARC,false,HANDHELD,,,,0,0,0,0,0,0,false,,,,2026-02-26T01:46:32.210Z
Q119787485,Anbernic RG Nano,false,HANDHELD,,2023,,0,0,0,0,0,0,false,,,,2026-02-26T01:47:08.303Z
Q113471574,Anbernic WIN600,false,HANDHELD,,2022,,0,0,0,0,0,0,false,,,,2026-02-26T01:46:57.260Z
Q123532170,Anbernic Win701,false,HANDHELD,,,,0,0,0,0,0,0,false,,,,2026-02-26T01:47:08.305Z
Q121724927,AOKZOE A1 Pro,false,HANDHELD,,,,0,0,0,0,0,0,false,,,,2026-02-26T01:46:25.723Z
Q4779269,ApeXtreme,false,HOME_CONSOLE,,,,0,0,0,0,0,0,false,,,,2026-02-26T01:45:55.583Z
Q2038236,APF-M1000,false,HOME_CONSOLE,,1978,,0,0,0,0,0,0,false,,,,2026-02-26T01:45:49.399Z
Q3017175,Apple II,false,COMPUTER,,1977,231,0,0,0,0,0,0,false,,,,2026-02-26T01:47:50.116Z
Q1282269,Apple IIGS,false,COMPUTER,,,128,0,0,0,0,0,0,false,,,,2026-02-26T01:47:38.229Z
Q201652,Apple II series,false,COMPUTER,,,227,0,0,0,0,0,0,false,,,,2026-02-26T01:47:38.246Z
Q192851,arcade video game machine,false,ARCADE,,,1737,0,0,0,0,0,0,false,,,,2026-02-26T01:47:38.243Z
Q114881659,Arctic GC Pro,false,HOME_CONSOLE,,,,0,0,0,0,0,0,false,,,,2026-02-26T01:47:02.619Z
Q25389541,Arduboy,false,HANDHELD,,2016,,0,0,0,0,0,0,false,,,,2026-02-26T01:45:55.582Z
Q114562341,Asterisk,false,HANDHELD,,2022,,0,0,0,0,0,0,false,,,,2026-02-26T01:46:25.720Z
Q117409295,Asus ROG Ally,false,HANDHELD,,2023,,0,0,0,0,0,0,false,,,,2026-02-26T01:45:49.401Z
Q206261,Atari 2600,false,HOME_CONSOLE,,1977,368,0,0,0,0,0,0,false,,,,2026-02-26T01:47:50.113Z
Q122210372,Atari 2600+,false,HOME_CONSOLE,,,,0,0,0,0,0,0,false,,,,2026-02-26T01:46:01.149Z
Q753600,Atari 7800,false,HOME_CONSOLE,,1986,48,0,0,0,0,0,0,false,,,,2026-02-26T01:48:00.541Z
Q249075,Atari 8-bit family,false,COMPUTER,,1979,333,0,0,0,0,0,0,false,,,,2026-02-26T01:47:50.115Z
Q114391658,Atari Flashback,false,HOME_CONSOLE,,2004,,0,0,0,0,0,0,false,,,,2026-02-26T01:46:57.262Z
Q2713005,Atari Flashback 2,false,HOME_CONSOLE,,2005,,0,0,0,0,0,0,false,,,,2026-02-26T01:45:55.583Z
Q88846489,Atari Flashback 3,false,HOME_CONSOLE,,2011,,0,0,0,0,0,0,false,,,,2026-02-26T01:46:32.212Z
Q96749192,Atari Flashback 8,false,HOME_CONSOLE,,2017,,0,0,0,0,0,0,false,,,,2026-02-26T01:46:32.212Z
Q114797693,Atari Flashback Portable,false,HANDHELD,,2017,,0,0,0,0,0,0,false,,,,2026-02-26T01:46:57.264Z
Q114797634,Atari Flashback Portable,false,HANDHELD,,2016,,0,0,0,0,0,0,false,,,,2026-02-26T01:46:57.264Z
Q114797724,Atari Flashback Portable,false,HANDHELD,,2018,,0,0,0,0,0,0,false,,,,2026-02-26T01:46:57.264Z
Q114797632,Atari Flashback Portable,false,HANDHELD,,,,0,0,0,0,0,0,false,,,,2026-02-26T01:46:57.264Z
Q114797735,Atari Flashback Portable,false,HANDHELD,,2019,,0,0,0,0,0,0,false,,,,2026-02-26T01:46:25.721Z
Q124022106,Atari Gamestation Pro,false,HANDHELD,,,,0,0,0,0,0,0,false,,,,2026-02-26T01:47:08.306Z
Q114712277,Atari Retro Handheld,false,HANDHELD,,2017,,0,0,0,0,0,0,false,,,,2026-02-26T01:46:57.263Z
Q627302,Atari ST,false,COMPUTER,,,1075,0,0,0,0,0,0,false,,,,2026-02-26T01:47:50.125Z
Q1840662,Atari XEGS,false,HOME_CONSOLE,,1987,,0,0,0,0,0,0,false,,,,2026-02-26T01:45:49.398Z
Q114356053,AYA Neo 2021,false,HANDHELD,,2021,,0,0,0,0,0,0,false,,,,2026-02-26T01:46:57.261Z
Q114355930,AYA Neo 2021 Pro,false,HANDHELD,,2021,,0,0,0,0,0,0,false,,,,2026-02-26T01:46:25.718Z
Q123230561,AYANEO Flip,false,HANDHELD,,,,0,0,0,0,0,0,false,,,,2026-02-26T01:46:32.209Z
Q114355980,AYANEO NEXT,false,HANDHELD,,,,0,0,0,0,0,0,false,,,,2026-02-26T01:46:57.261Z
Q114355991,AYANEO NEXT Advance,false,HANDHELD,,,,0,0,0,0,0,0,false,,,,2026-02-26T01:46:57.261Z
Q114356007,AYANEO NEXT Pro,false,HANDHELD,,,,0,0,0,0,0,0,false,,,,2026-02-26T01:46:57.261Z
Q123230565,AYANEO Slide DS,false,HANDHELD,,,,0,0,0,0,0,0,false,,,,2026-02-26T01:47:08.305Z
Q123230569,AYANEO Slide KB,false,HANDHELD,,,,0,0,0,0,0,0,false,,,,2026-02-26T01:47:08.305Z
Q114356521,AYN Loki,false,HANDHELD,,,,0,0,0,0,0,0,false,,,,2026-02-26T01:46:57.262Z
Q114774391,AYN Loki Mini,false,HANDHELD,,,,0,0,0,0,0,0,false,,,,2026-02-26T01:46:57.264Z
Q112189963,Ayn Odin,false,HANDHELD,,,,0,0,0,0,0,0,false,,,,2026-02-26T01:45:55.585Z
Q805385,Bally Astrocade,false,HOME_CONSOLE,,1978,,0,0,0,0,0,0,false,,,,2026-02-26T01:45:49.398Z
Q122622095,Bandai HET,false,HANDHELD,,,,0,0,0,0,0,0,false,,,,2026-02-26T01:47:08.304Z
Q4854330,Bandai LCD Solarpower,false,HANDHELD,,1982,,0,0,0,0,0,0,false,,,,2026-02-26T01:45:55.583Z
Q4854331,Bandai RX-78,false,COMPUTER,,1983,,0,0,0,0,0,0,false,,,,2026-02-26T01:45:55.583Z
Q2503052,Bandai Super Vision 8000,false,HOME_CONSOLE,,1979,,0,0,0,0,0,0,false,,,,2026-02-26T01:45:49.400Z
Q638749,Barcode Battler,false,HANDHELD,,1991,,0,0,0,0,0,0,false,,,,2026-02-26T01:45:49.400Z
Q4834797,BBC Bridge Companion,false,HOME_CONSOLE,,1985,,0,0,0,0,0,0,false,,,,2026-02-26T01:45:55.582Z
Q749976,BBC Micro,false,COMPUTER,,1981,121,0,0,0,0,0,0,false,,,,2026-02-26T01:47:56.600Z
Q879989,BlackBerry 10,false,MOBILE,,,26,0,0,0,0,0,0,false,,,,2026-02-26T01:48:00.542Z
Q70066324,Black Point 10 - Tele Sports FS 1002,false,HOME_CONSOLE,,1978,,0,0,0,0,0,0,false,,,,2026-02-26T01:47:56.599Z
Q11334763,Blip,false,HANDHELD,,1977,,0,0,0,0,0,0,false,,,,2026-02-26T01:45:55.584Z
Q115295360,BOB180,false,ARCADE,,2017,,0,0,0,0,0,0,false,,,,2026-02-26T01:47:08.302Z
Q115476099,Brick Game,false,HANDHELD,,,,0,0,0,0,0,0,false,,,,2026-02-26T01:45:55.582Z
Q848991,browser game,false,OTHER,,,28,0,0,0,0,0,0,false,,,,2026-02-26T01:48:00.541Z
Q797005,BSS 01,false,HOME_CONSOLE,,1979,,0,0,0,0,0,0,false,,,,2026-02-26T01:45:55.581Z
Q70325203,BTSTI + Rubin Ts1-205,false,HOME_CONSOLE,,1981,,0,0,0,0,0,0,false,,,,2026-02-26T01:47:56.599Z
Q65962981,C4002,false,HOME_CONSOLE,,1977,,0,0,0,0,0,0,false,,,,2026-02-26T01:47:56.597Z
Q65962977,"C4003 (52078-02 MEGA, 52044)",false,HOME_CONSOLE,,1977,,0,0,0,0,0,0,false,,,,2026-02-26T01:46:32.211Z
Q609429,C64 Direct-to-TV,false,HANDHELD,,2004,,0,0,0,0,0,0,false,,,,2026-02-26T01:45:49.400Z
Q1132204,CAANOO,false,HANDHELD,,2010,,0,0,0,0,0,0,false,,,,2026-02-26T01:45:55.580Z
Q76314588,Capcom Home Arcade,false,ARCADE,,2019,,0,0,0,0,0,0,false,,,,2026-02-26T01:46:01.150Z
Q114834055,Cary42,false,HANDHELD,,2017,,0,0,0,0,0,0,false,,,,2026-02-26T01:46:25.722Z
Q51167516,Casio AG-100,false,OTHER,,1993,,0,0,0,0,0,0,false,,,,2026-02-26T01:47:50.124Z
Q51167371,Casio BB-9 Baseball Game,false,OTHER,,1982,,0,0,0,0,0,0,false,,,,2026-02-26T01:47:50.124Z
Q51167449,Casio CG-10,false,OTHER,,1982,,0,0,0,0,0,0,false,,,,2026-02-26T01:47:50.124Z
Q50809396,Casio MG-770,false,OTHER,,1980,,0,0,0,0,0,0,false,,,,2026-02-26T01:47:50.124Z
Q51167422,Casio MG-777,false,OTHER,,1981,,0,0,0,0,0,0,false,,,,2026-02-26T01:47:50.124Z
Q51167431,Casio MG-888,false,OTHER,,1982,,0,0,0,0,0,0,false,,,,2026-02-26T01:47:50.124Z
Q51167508,Casio WN-104,false,OTHER,,1993,,0,0,0,0,0,0,false,,,,2026-02-26T01:47:50.124Z
Q1140676,Cassette Vision,false,HOME_CONSOLE,,1981,,0,0,0,0,0,0,false,,,,2026-02-26T01:45:49.398Z
Q5098075,Children's Discovery System,false,HANDHELD,,1981,,0,0,0,0,0,0,false,,,,2026-02-26T01:45:55.583Z
Q114355482,Circuit Gem,false,HANDHELD,,,,0,0,0,0,0,0,false,,,,2026-02-26T01:46:25.718Z
Q114543594,CircuitMess Nibble,false,HANDHELD,,2021,,0,0,0,0,0,0,false,,,,2026-02-26T01:46:01.147Z
Q13522376,Classic Mac OS,false,COMPUTER,,,1315,0,0,0,0,0,0,false,,,,2026-02-26T01:47:38.230Z
Q114816903,Clockwork GameShell,false,HANDHELD,,2018,,0,0,0,0,0,0,false,,,,2026-02-26T01:46:01.147Z
Q3392967,Coleco Sonic,false,HANDHELD,,2006,,0,0,0,0,0,0,false,,,,2026-02-26T01:45:55.583Z
Q115094035,CollectorVision Phoenix,false,HOME_CONSOLE,,2019,,0,0,0,0,0,0,false,,,,2026-02-26T01:47:02.622Z
Q2984364,Color TV-Game 15,false,HOME_CONSOLE,,1977,,0,0,0,0,0,0,false,,,,2026-02-26T01:46:01.145Z
Q2984365,Color TV-Game 6,false,HOME_CONSOLE,,1977,,0,0,0,0,0,0,false,,,,2026-02-26T01:46:01.145Z
Q2984366,Color TV Game Block Breaker,false,HOME_CONSOLE,,1979,,0,0,0,0,0,0,false,,,,2026-02-26T01:46:01.145Z
Q2984368,Color TV-Game Racing 112,false,HOME_CONSOLE,,1978,,0,0,0,0,0,0,false,,,,2026-02-26T01:46:01.145Z
Q1115919,Commodore 128,false,COMPUTER,,1985,22,0,0,0,0,0,0,false,,,,2026-02-26T01:46:32.216Z
Q1115913,Commodore 16,false,COMPUTER,,1984,45,0,0,0,0,0,0,false,,,,2026-02-26T01:46:32.216Z
Q99775,Commodore 64,false,COMPUTER,,,2766,0,0,0,0,0,0,false,,,,2026-02-26T01:48:00.545Z
Q100047,Commodore Amiga,false,COMPUTER,,,1761,0,0,0,0,0,0,false,,,,2026-02-26T01:46:32.212Z
Q946661,Commodore PET,false,COMPUTER,,1977,21,0,0,0,0,0,0,false,,,,2026-02-26T01:48:00.544Z
Q868568,Commodore Plus/4,false,COMPUTER,,1984,30,0,0,0,0,0,0,false,,,,2026-02-26T01:48:00.542Z
Q918232,Commodore VIC-20,false,COMPUTER,,1981,93,0,0,0,0,0,0,false,,,,2026-02-26T01:48:00.542Z
Q133799949,Computer Mah-jong Yakuman,false,HANDHELD,,,,0,0,0,0,0,0,false,,,,2026-02-26T01:46:01.149Z
Q115315348,Coolbaby Retro Mini 2 RS-6A,false,HANDHELD,,,,0,0,0,0,0,0,false,,,,2026-02-26T01:47:08.302Z
Q114357897,Creoqode LYRA,false,HANDHELD,,,,0,0,0,0,0,0,false,,,,2026-02-26T01:46:25.719Z
Q174666,cross-platform,false,COMPUTER,,,64,0,0,0,0,0,0,false,,,,2026-02-26T01:47:38.237Z
Q1147227,Cybiko,false,HANDHELD,,1998,,0,0,0,0,0,0,false,,,,2026-02-26T01:45:55.582Z
Q2994828,Dendy,false,HOME_CONSOLE,,1992,,0,0,0,0,0,0,false,,2026-02-25T20:41:08.089Z,2026-02-25T20:41:08.089Z,2026-02-26T01:45:49.398Z
Q16960041,Designer's World,false,HANDHELD,,2006,,0,0,0,0,0,0,false,,,,2026-02-26T01:46:01.149Z
Q570878,Dingoo A330,false,HANDHELD,,2010,,0,0,0,0,0,0,false,,,,2026-02-26T01:46:01.150Z
Q114834709,Dinkii,false,HANDHELD,,,,0,0,0,0,0,0,false,,,,2026-02-26T01:47:02.617Z
Q170434,DOS,false,COMPUTER,,,2405,0,0,0,0,0,0,false,,,,2026-02-26T01:47:38.236Z
Q1238768,Dragon 32/64,false,COMPUTER,,,49,0,0,0,0,0,0,false,,,,2026-02-26T01:47:08.306Z
Q16958214,DragonBox Pyra,false,HANDHELD,,2020,,0,0,0,0,0,0,false,,,,2026-02-26T01:46:01.145Z
Q115072070,Dr. Boy,false,HANDHELD,,1990,,0,0,0,0,0,0,false,,,,2026-02-26T01:47:02.621Z
Q184198,Dreamcast,false,HOME_CONSOLE,,1998,499,0,0,0,0,0,0,false,,,,2026-02-26T01:47:38.240Z
Q67080460,Eksi-Video 01,false,HOME_CONSOLE,,1978,,0,0,0,0,0,0,false,,,,2026-02-26T01:46:32.211Z
Q5358299,Electronic Quarterback,false,HANDHELD,,1978,,0,0,0,0,0,0,false,,,,2026-02-26T01:46:32.210Z
Q4530960,Electronika IM-26,false,HANDHELD,,1988,,0,0,0,0,0,0,false,,,,2026-02-26T01:46:01.146Z
Q73746182,Electrosport Colour,false,HOME_CONSOLE,,1977,,0,0,0,0,0,0,false,,,,2026-02-26T01:47:56.600Z
Q106771148,Ending-Man Terminator,false,HOME_CONSOLE,,1992,,0,0,0,0,0,0,false,,,,2026-02-26T01:45:55.585Z
Q5380510,Entex Select-A-Game,false,HANDHELD,,1981,,0,0,0,0,0,0,false,,,,2026-02-26T01:45:49.400Z
Q840865,Epoch Game Pocket Computer,false,HANDHELD,,1984,,0,0,0,0,0,0,false,,,,2026-02-26T01:45:49.400Z
Q114562179,ESPboy,false,HANDHELD,,2019,,0,0,0,0,0,0,false,,,,2026-02-26T01:46:01.147Z
Q111303693,Etch A Sketch Animator 2000,false,HANDHELD,,1988,,0,0,0,0,0,0,false,,,,2026-02-26T01:45:55.585Z
Q115041740,EVO 2,false,HOME_CONSOLE,,,,0,0,0,0,0,0,false,,,,2026-02-26T01:47:02.621Z
Q115052267,EVO 2 DX,false,HOME_CONSOLE,,,,0,0,0,0,0,0,false,,,,2026-02-26T01:47:02.621Z
Q115052299,EVO 2 DX Pocket,false,HANDHELD,,,,0,0,0,0,0,0,false,,,,2026-02-26T01:47:02.621Z
Q5432911,Famicom Data Recorder,false,HOME_CONSOLE,,,,0,0,0,0,0,0,false,,,,2026-02-26T01:45:55.584Z
Q135321,Famicom Disk System,false,COMPUTER,,1986,190,0,0,0,0,0,0,false,,,,2026-02-26T01:47:38.230Z
Q115315635,Fei Hao HD Retro Game,false,HOME_CONSOLE,,2017,,0,0,0,0,0,0,false,,,,2026-02-26T01:47:08.302Z
Q2379925,FM-7,false,COMPUTER,,1982,56,0,0,0,0,0,0,false,,,,2026-02-26T01:47:50.115Z
Q531896,FM Towns,false,COMPUTER,,1989,93,0,0,0,0,0,0,false,,,,2026-02-26T01:47:50.124Z
Q114568814,FunKey S,false,HANDHELD,,2020,,0,0,0,0,0,0,false,,,,2026-02-26T01:46:25.720Z
Q186437,Game Boy,false,HANDHELD,,1989,520,0,0,0,0,0,0,false,,,,2026-02-26T01:47:38.242Z
Q188642,Game Boy Advance,false,HANDHELD,,2001,1054,0,0,0,0,0,0,false,,,,2026-02-26T01:47:38.242Z
Q203992,Game Boy Color,false,HANDHELD,,1998,453,0,0,0,0,0,0,false,,,,2026-02-26T01:47:38.247Z
Q121552505,Game Boy damaged in the Gulf War,false,OTHER,,,,0,0,0,0,0,0,false,,,,2026-02-26T01:47:08.304Z
Q115049592,Game Boy Null,false,HANDHELD,,,,0,0,0,0,0,0,false,,,,2026-02-26T01:47:02.621Z
Q114542104,Gamebuino Meta,false,HANDHELD,,2018,,0,0,0,0,0,0,false,,,,2026-02-26T01:46:25.719Z
Q115259625,Game Burger Advance,false,HANDHELD,,,,0,0,0,0,0,0,false,,,,2026-02-26T01:47:08.301Z
Q2498396,Game.com,false,HANDHELD,,1997,,0,0,0,0,0,0,false,,,,2026-02-26T01:45:49.399Z
Q751719,Game Gear,false,HANDHELD,,1990,178,0,0,0,0,0,0,false,,,,2026-02-26T01:48:00.540Z
Q96033186,Game Gear Micro,false,HANDHELD,,2020,,0,0,0,0,0,0,false,,,,2026-02-26T01:46:01.146Z
Q115051101,Game Grrl,false,HANDHELD,,2005,,0,0,0,0,0,0,false,,,,2026-02-26T01:47:02.621Z
Q115092588,Gamerz Tek 16-Bit Entertainment System,false,HOME_CONSOLE,,,,0,0,0,0,0,0,false,,,,2026-02-26T01:47:02.622Z
Q115092582,Gamerz Tek 16-Bit HD Entertainment System,false,HOME_CONSOLE,,,,0,0,0,0,0,0,false,,,,2026-02-26T01:47:02.622Z
Q115092544,Gamerz Tek 8-bit entertainment system,false,HOME_CONSOLE,,,,0,0,0,0,0,0,false,,,,2026-02-26T01:47:02.622Z
Q215034,Game & Watch series,false,HANDHELD,,1980,40,0,0,0,0,0,0,false,,,,2026-02-26T01:47:50.115Z
Q115295530,Geoboi,false,HOME_CONSOLE,,2019,,0,0,0,0,0,0,false,,,,2026-02-26T01:47:08.302Z
Q114877549,Gizmondo 2,false,HANDHELD,,2008,,0,0,0,0,0,0,false,,,,2026-02-26T01:47:02.618Z
Q114785122,GKD Mini,false,HANDHELD,,2021,,0,0,0,0,0,0,false,,,,2026-02-26T01:46:57.264Z
Q114924419,GP2X F100,false,HANDHELD,,,,0,0,0,0,0,0,false,,,,2026-02-26T01:46:25.723Z
Q114924455,GP2X F200,false,HANDHELD,,,,0,0,0,0,0,0,false,,,,2026-02-26T01:46:25.723Z
Q930260,GP2X Wiz,false,HANDHELD,,2009,,0,0,0,0,0,0,false,,,,2026-02-26T01:45:49.399Z
Q114924771,GP32 BLU,false,HANDHELD,,2004,,0,0,0,0,0,0,false,,,,2026-02-26T01:47:02.619Z
Q114924776,GP32 BLU+,false,HANDHELD,,2004,,0,0,0,0,0,0,false,,,,2026-02-26T01:47:02.619Z
Q114924754,GP32 FLU,false,HANDHELD,,2002,,0,0,0,0,0,0,false,,,,2026-02-26T01:47:02.619Z
Q114924635,GP32 NLU,false,HANDHELD,,2001,,0,0,0,0,0,0,false,,,,2026-02-26T01:47:02.619Z
Q48852160,GPD Win 2,false,HANDHELD,,2018,,0,0,0,0,0,0,false,,,,2026-02-26T01:45:55.584Z
Q30592482,GPD XD,false,HANDHELD,,2015,,0,0,0,0,0,0,false,,,,2026-02-26T01:45:55.581Z
Q115092524,Hamy NES and SNES HD Classic,false,HOME_CONSOLE,,,,0,0,0,0,0,0,false,,,,2026-02-26T01:47:02.622Z
Q12760764,Hanimex 666,false,HOME_CONSOLE,,1978,,0,0,0,0,0,0,false,,,,2026-02-26T01:46:32.210Z
Q124289220,Hasbro iON,false,HOME_CONSOLE,,,,0,0,0,0,0,0,false,,,,2026-02-26T01:46:32.210Z
Q1037185,HP 95LX,false,COMPUTER,,1991,23,0,0,0,0,0,0,false,,,,2026-02-26T01:46:32.213Z
Q2053,HTML5,false,OTHER,,2014,28,0,0,0,0,0,0,false,,,,2026-02-26T01:47:38.248Z
Q137750890,Hybrix,false,COMPUTER,,,,0,0,0,0,0,0,false,,,,2026-02-26T01:47:38.230Z
Q115163330,Hyperkin FC Super Loader,false,HOME_CONSOLE,,,,0,0,0,0,0,0,false,,,,2026-02-26T01:47:02.623Z
Q124287393,Hyperkin Mega 95,false,HANDHELD,,,,0,0,0,0,0,0,false,,,,2026-02-26T01:47:08.306Z
Q115168187,Hyperkin Mega RetroN HD,false,HOME_CONSOLE,,2018,,0,0,0,0,0,0,false,,,,2026-02-26T01:47:02.624Z
Q108502306,Hyperkin Retron 1,false,HOME_CONSOLE,,2011,,0,0,0,0,0,0,false,,,,2026-02-26T01:46:25.716Z
Q115167972,Hyperkin RetroN 1 AV,false,HOME_CONSOLE,,2021,,0,0,0,0,0,0,false,,,,2026-02-26T01:47:02.623Z
Q115167923,Hyperkin RetroN 1 HD,false,HOME_CONSOLE,,2017,,0,0,0,0,0,0,false,,,,2026-02-26T01:47:02.623Z
Q115168142,Hyperkin RetroN 2,false,HOME_CONSOLE,,2012,,0,0,0,0,0,0,false,,,,2026-02-26T01:47:02.624Z
Q115168153,Hyperkin RetroN 2 HD,false,HOME_CONSOLE,,2019,,0,0,0,0,0,0,false,,,,2026-02-26T01:47:02.624Z
Q115167618,Hyperkin RetroN 3,false,HOME_CONSOLE,,2010,,0,0,0,0,0,0,false,,,,2026-02-26T01:47:02.623Z
Q115167674,Hyperkin RetroN 3 HD,false,HOME_CONSOLE,,2020,,0,0,0,0,0,0,false,,,,2026-02-26T01:47:02.623Z
Q108502160,Hyperkin RetroN 5,false,HOME_CONSOLE,,2013,,0,0,0,0,0,0,false,,,,2026-02-26T01:46:25.716Z
Q108502055,Hyperkin RetroN 77,false,HOME_CONSOLE,,2017,,0,0,0,0,0,0,false,,,,2026-02-26T01:46:25.716Z
Q115165012,Hyperkin RetroN DIY,false,HOME_CONSOLE,,,,0,0,0,0,0,0,false,,,,2026-02-26T01:47:02.623Z
Q115162625,Hyperkin RetronGX,false,HOME_CONSOLE,,2023,,0,0,0,0,0,0,false,,,,2026-02-26T01:47:02.623Z
Q114810786,Hyperkin RetroN Sq,false,HOME_CONSOLE,,2021,,0,0,0,0,0,0,false,,,,2026-02-26T01:46:25.721Z
Q3504023,Hyperkin SupaBoy,false,HANDHELD,,2011,,0,0,0,0,0,0,false,,,,2026-02-26T01:46:32.210Z
Q115075405,Hyperkin SupaBoy S,false,HANDHELD,,2016,,0,0,0,0,0,0,false,,,,2026-02-26T01:47:02.622Z
Q115075616,Hyperkin SupaBoy SFC,false,HANDHELD,,2018,,0,0,0,0,0,0,false,,,,2026-02-26T01:47:02.622Z
Q115075780,Hyperkin Supa Retron HD,false,HOME_CONSOLE,,2018,,0,0,0,0,0,0,false,,,,2026-02-26T01:47:02.622Z
Q202712,IBM Personal Computer,false,COMPUTER,,1981,61,0,0,0,0,0,0,false,,,,2026-02-26T01:47:38.246Z
Q1061441,Intellivision,false,HOME_CONSOLE,,1979,99,0,0,0,0,0,0,false,,,,2026-02-26T01:46:32.214Z
Q302411,Interton Video Computer 4000,false,COMPUTER,,1978,,0,0,0,0,0,0,false,,,,2026-02-26T01:45:49.399Z
Q64350339,iPadOS,false,MOBILE,,2019,812,0,0,0,0,0,0,false,,,,2026-02-26T01:47:50.128Z
Q193828,"Java Platform, Micro Edition",false,OTHER,,,100,0,0,0,0,0,0,false,,,,2026-02-26T01:47:38.243Z
Q193321,Java virtual machine,false,COMPUTER,,,76,0,0,0,0,0,0,false,,,,2026-02-26T01:47:38.243Z
Q6109271,JXD 1000,false,HANDHELD,,2009,,0,0,0,0,0,0,false,,,,2026-02-26T01:46:01.150Z
Q115041645,JXD S7100,false,HANDHELD,,2011,,0,0,0,0,0,0,false,,,,2026-02-26T01:47:02.620Z
Q114816742,Kitronik GameZip 64,false,HANDHELD,,2018,,0,0,0,0,0,0,false,,,,2026-02-26T01:46:01.147Z
Q58842116,K's Kids K-Magic,false,HANDHELD,,2011,,0,0,0,0,0,0,false,,,,2026-02-26T01:46:32.211Z
Q121723002,LaVie Mini,false,HANDHELD,,,,0,0,0,0,0,0,false,,,,2026-02-26T01:46:25.723Z
Q6509976,Leapster,false,HANDHELD,,2003,,0,0,0,0,0,0,false,,,,2026-02-26T01:45:55.583Z
Q121722630,Lenovo Legion Go,false,HANDHELD,,,,0,0,0,0,0,0,false,,,,2026-02-26T01:45:55.584Z
Q121722854,Lenovo Legion Play,false,HANDHELD,,,,0,0,0,0,0,0,false,,,,2026-02-26T01:46:25.723Z
Q114222973,Logitech G CLOUD gaming handheld,false,HANDHELD,,,,0,0,0,0,0,0,false,,,,2026-02-26T01:46:01.146Z
Q123532096,M17,false,HANDHELD,,,,0,0,0,0,0,0,false,,,,2026-02-26T01:46:32.209Z
Q43627,Mac OS operating systems,false,COMPUTER,,,190,0,0,0,0,0,0,false,,,,2026-02-26T01:47:50.119Z
Q18277153,Magic Computer,false,COMPUTER,,1990,,0,0,0,0,0,0,false,,,,2026-02-26T01:46:01.150Z
Q177234,mainframe computer,false,COMPUTER,,,27,0,0,0,0,0,0,false,,,,2026-02-26T01:47:38.238Z
Q114543332,MAKERbuino,false,HANDHELD,,2017,,0,0,0,0,0,0,false,,,,2026-02-26T01:46:25.719Z
Q123409168,MARS FPGA,false,HOME_CONSOLE,,,,0,0,0,0,0,0,false,,,,2026-02-26T01:46:32.209Z
Q125224591,Masters of the Universe,false,HANDHELD,,1982,,0,0,0,0,0,0,false,,,,2026-02-26T01:47:38.228Z
Q130388508,MEG-4,false,HOME_CONSOLE,,,,0,0,0,0,0,0,false,,,,2026-02-26T01:47:38.229Z
Q48891556,MegaVision,false,HOME_CONSOLE,,1990,,0,0,0,0,0,0,false,,,,2026-02-26T01:46:01.150Z
Q124650763,Meta Horizon OS,false,COMPUTER,,,35,0,0,0,0,0,0,false,,,,2026-02-26T01:47:08.306Z
Q130378643,Meta Quest,false,OTHER,,,26,0,0,0,0,0,0,false,,,,2026-02-26T01:47:38.229Z
Q114355541,microByte,false,HANDHELD,,2021,,0,0,0,0,0,0,false,,,,2026-02-26T01:46:25.718Z
Q131448075,MicroW8,false,HOME_CONSOLE,,2022,,0,0,0,0,0,0,false,,,,2026-02-26T01:47:38.229Z
Q114834512,miniStation,false,HOME_CONSOLE,,2015,,0,0,0,0,0,0,false,,,,2026-02-26T01:46:25.722Z
Q114816106,MobiGo,false,HANDHELD,,2010,,0,0,0,0,0,0,false,,,,2026-02-26T01:46:57.265Z
Q114816112,MobiGo 2,false,HANDHELD,,2012,,0,0,0,0,0,0,false,,,,2026-02-26T01:46:57.265Z
Q126411552,ModRetro Chromatic,false,HANDHELD,,,,0,0,0,0,0,0,false,,,,2026-02-26T01:47:38.228Z
Q114442452,Monon Color,false,HANDHELD,,2014,,0,0,0,0,0,0,false,,,,2026-02-26T01:46:25.719Z
Q124252480,MSI Claw A1M,false,HANDHELD,,,,0,0,0,0,0,0,false,,,,2026-02-26T01:45:55.584Z
Q853547,MSX,false,COMPUTER,,1983,580,0,0,0,0,0,0,false,,,,2026-02-26T01:48:00.542Z
Q11232203,MSX 2,false,COMPUTER,,,26,0,0,0,0,0,0,false,,,,2026-02-26T01:46:57.260Z
Q129625536,MyArcade Gamer V,false,HANDHELD,,,,0,0,0,0,0,0,false,,,,2026-02-26T01:46:32.210Z
Q124022146,My Arcade Game Station,false,ARCADE,,,,0,0,0,0,0,0,false,,,,2026-02-26T01:47:08.306Z
Q124022163,My Arcade Micro Player,false,HANDHELD,,,,0,0,0,0,0,0,false,,,,2026-02-26T01:47:08.306Z
Q124022119,My Arcade Nano Player Pro,false,HANDHELD,,,,0,0,0,0,0,0,false,,,,2026-02-26T01:47:08.306Z
Q124022183,My Arcade Pixel Classic,false,HANDHELD,,,,0,0,0,0,0,0,false,,,,2026-02-26T01:47:08.306Z
Q124022179,My Arcade Pocket Player Pro,false,HANDHELD,,,,0,0,0,0,0,0,false,,,,2026-02-26T01:47:08.306Z
Q124022082,My Arcade Retro Champ,false,HANDHELD,,,,0,0,0,0,0,0,false,,,,2026-02-26T01:47:08.306Z
Q6961444,Namco Plug & Play,false,HANDHELD,,,,0,0,0,0,0,0,false,,,,2026-02-26T01:46:01.150Z
Q121494459,Nanoarcade,false,ARCADE,,,,0,0,0,0,0,0,false,,,,2026-02-26T01:47:08.304Z
Q114811722,nD,false,HANDHELD,,,,0,0,0,0,0,0,false,,,,2026-02-26T01:46:01.147Z
Q1338888,NEC PC-8800 series,false,COMPUTER,,,127,0,0,0,0,0,0,false,,,,2026-02-26T01:47:38.229Z
Q183505,NEC PC-9800 series,false,COMPUTER,,,213,0,0,0,0,0,0,false,,,,2026-02-26T01:47:38.239Z
Q1054350,Neo Geo,false,ARCADE,,1990,123,0,0,0,0,0,0,false,,,,2026-02-26T01:46:32.213Z
Q64428080,Neo Geo AES,false,HOME_CONSOLE,,1990,,0,0,0,0,0,0,false,,,,2026-02-26T01:46:01.150Z
Q2703883,Neo Geo CD,false,HOME_CONSOLE,,1994,49,0,0,0,0,0,0,false,,,,2026-02-26T01:47:50.115Z
Q3338058,Neo-Geo MVS,false,ARCADE,,,25,0,0,0,0,0,0,false,,,,2026-02-26T01:47:50.116Z
Q16961885,Net Jet,false,HOME_CONSOLE,,,,0,0,0,0,0,0,false,,,,2026-02-26T01:46:01.150Z
Q29583519,New Nintendo 2DS XL,false,HANDHELD,,2017,,0,0,0,0,0,0,false,,,,2026-02-26T01:45:49.400Z
Q17679679,New Nintendo 3DS,false,HANDHELD,,2014,26,0,0,0,0,0,0,false,,,,2026-02-26T01:47:38.238Z
Q114639376,New Pocket Go,false,HANDHELD,,2019,,0,0,0,0,0,0,false,,,,2026-02-26T01:46:57.263Z
Q336434,N-Gage,false,HANDHELD,,2003,66,0,0,0,0,0,0,false,,,,2026-02-26T01:47:50.116Z
Q128304586,Nicole 4A8,false,HOME_CONSOLE,,1978,,0,0,0,0,0,0,false,,,,2026-02-26T01:46:32.210Z
Q97498047,Ninja Turtles: The Next Mutation,false,HANDHELD,,1997,,0,0,0,0,0,0,false,,,,2026-02-26T01:48:00.544Z
Q203597,Nintendo 3DS,false,HANDHELD,,2011,805,0,0,0,0,0,0,false,,,,2026-02-26T01:47:38.247Z
Q170323,Nintendo DS,false,HANDHELD,,2004,1830,0,0,0,0,0,0,false,,,,2026-02-26T01:47:38.235Z
Q637178,Nintendo DSi,false,HANDHELD,,2008,82,0,0,0,0,0,0,false,,,,2026-02-26T01:47:50.127Z
Q182172,Nintendo GameCube,false,HOME_CONSOLE,,2001,693,0,870,0,0,870,0,false,,,,2026-02-26T01:47:38.239Z
Q3342048,Nintendo M82,false,HOME_CONSOLE,,,,0,0,0,0,0,0,false,,,,2026-02-26T01:46:01.145Z
Q122761124,Nintendo Switch 2,false,HYBRID,,2025,276,0,0,0,0,0,0,false,,,,2026-02-26T01:47:08.305Z
Q107431877,Nintendo Switch OLED,false,HYBRID,,2021,,0,0,0,0,0,0,false,,,,2026-02-26T01:45:55.580Z
Q118274569,Nintendo Switch – OLED Model The Legend of Zelda™: Tears of the Kingdom Edition,false,HOME_CONSOLE,,2023,,0,0,0,0,0,0,false,,,,2026-02-26T01:46:25.723Z
Q114603754,Null 2,false,HANDHELD,,2021,,0,0,0,0,0,0,false,,,,2026-02-26T01:46:57.262Z
Q114834694,nXGP,false,HANDHELD,,,,0,0,0,0,0,0,false,,,,2026-02-26T01:47:02.617Z
Q105317199,ODROID-GO,false,HANDHELD,,2018,,0,0,0,0,0,0,false,,,,2026-02-26T01:46:01.146Z
Q114809839,ODROID-GO Advance,false,HANDHELD,,2019,,0,0,0,0,0,0,false,,,,2026-02-26T01:46:57.265Z
Q114809863,ODROID-GO Advance Black Edition,false,HANDHELD,,2020,,0,0,0,0,0,0,false,,,,2026-02-26T01:46:57.265Z
Q118391046,OneXPlayer 2,false,HANDHELD,,,,0,0,0,0,0,0,false,,,,2026-02-26T01:46:01.149Z
Q114653762,Open Game Station,false,HANDHELD,,2021,,0,0,0,0,0,0,false,,,,2026-02-26T01:46:25.721Z
Q115527878,Orb Gaming Mini Arcade Machine,false,HANDHELD,,,,0,0,0,0,0,0,false,,,,2026-02-26T01:47:08.302Z
Q115051681,OTON,false,HOME_CONSOLE,,,,0,0,0,0,0,0,false,,,,2026-02-26T01:47:02.621Z
Q1391641,Ouya,false,HOME_CONSOLE,,2013,51,0,0,0,0,0,0,false,,,,2026-02-26T01:47:38.230Z
Q115069107,Pac-Man Connect-and-Play,false,HANDHELD,,,,0,0,0,0,0,0,false,,,,2026-02-26T01:47:02.621Z
Q115295677,PALPi V5,false,HANDHELD,,,,0,0,0,0,0,0,false,,,,2026-02-26T01:47:08.302Z
Q114881545,Pandora 1 GHz,false,HANDHELD,,2012,,0,0,0,0,0,0,false,,,,2026-02-26T01:47:02.619Z
Q114878192,Pandora Classic,false,HANDHELD,,2010,,0,0,0,0,0,0,false,,,,2026-02-26T01:47:02.618Z
Q114881480,Pandora Rebirth,false,HANDHELD,,2012,,0,0,0,0,0,0,false,,,,2026-02-26T01:47:02.618Z
Q114603851,Peanut,false,HANDHELD,,2019,,0,0,0,0,0,0,false,,,,2026-02-26T01:46:57.263Z
Q1023103,Philips CD-i,false,HOME_CONSOLE,,1991,100,0,0,0,0,0,0,false,,,,2026-02-26T01:46:32.212Z
Q115259348,PiBoy Arcade,false,HANDHELD,,,,0,0,0,0,0,0,false,,,,2026-02-26T01:47:08.301Z
Q115259293,PiBoy CM4x,false,HANDHELD,,,,0,0,0,0,0,0,false,,,,2026-02-26T01:47:08.301Z
Q115259273,PiBoy DMG,false,HANDHELD,,,,0,0,0,0,0,0,false,,,,2026-02-26T01:47:08.301Z
Q115259277,PiBoy XRS,false,HANDHELD,,,,0,0,0,0,0,0,false,,,,2026-02-26T01:47:08.301Z
Q28456260,PICO-8,false,HOME_CONSOLE,,2015,,0,0,0,0,0,0,false,,,,2026-02-26T01:45:49.400Z
Q122654465,Picotron,false,HOME_CONSOLE,,,,0,0,0,0,0,0,false,,,,2026-02-26T01:46:01.144Z
Q115049258,PiGRRL,false,HANDHELD,,2014,,0,0,0,0,0,0,false,,,,2026-02-26T01:47:02.621Z
Q115049319,PiGRRL 2.0,false,HANDHELD,,2016,,0,0,0,0,0,0,false,,,,2026-02-26T01:47:02.621Z
Q115049376,PiGRRL Zero,false,HANDHELD,,2016,,0,0,0,0,0,0,false,,,,2026-02-26T01:47:02.621Z
Q115049463,PiGRRL Zero Advance,false,HANDHELD,,,,0,0,0,0,0,0,false,,,,2026-02-26T01:47:02.621Z
Q114568902,Pimoroni PicoSystem,false,HANDHELD,,2021,,0,0,0,0,0,0,false,,,,2026-02-26T01:46:25.720Z
Q124038052,Pimoroni PicoVison,false,COMPUTER,,,,0,0,0,0,0,0,false,,,,2026-02-26T01:46:32.210Z
Q3388702,Ping-O-Tronic,false,HOME_CONSOLE,,1974,,0,0,0,0,0,0,false,,,,2026-02-26T01:45:55.581Z
Q115049498,Pirakeet,false,HANDHELD,,,,0,0,0,0,0,0,false,,,,2026-02-26T01:47:02.621Z
Q115296053,Pixel Vision,false,HANDHELD,,2016,,0,0,0,0,0,0,false,,,,2026-02-26T01:47:08.302Z
Q63993524,Playdate,false,HANDHELD,,2022,110,0,0,0,0,0,0,false,,,,2026-02-26T01:47:50.127Z
Q24192113,Playmaster,false,HOME_CONSOLE,,1977,,0,0,0,0,0,0,false,,,,2026-02-26T01:46:01.145Z
Q114833838,Pocket Arcade,false,HANDHELD,,,,0,0,0,0,0,0,false,,,,2026-02-26T01:46:57.265Z
Q114630498,PocketGo S30,false,HANDHELD,,2021,,0,0,0,0,0,0,false,,,,2026-02-26T01:46:57.263Z
Q115108004,PocketPi,false,HANDHELD,,,,0,0,0,0,0,0,false,,,,2026-02-26T01:47:02.622Z
Q115049432,Pocket PiGRRL,false,HANDHELD,,,,0,0,0,0,0,0,false,,,,2026-02-26T01:47:02.621Z
Q115296347,Pocket Spin,false,HANDHELD,,,,0,0,0,0,0,0,false,,,,2026-02-26T01:47:08.302Z
Q115178550,Pocket Sprite,false,HANDHELD,,,,0,0,0,0,0,0,false,,,,2026-02-26T01:47:08.301Z
Q114562302,PocketStar,false,HANDHELD,,,,0,0,0,0,0,0,false,,,,2026-02-26T01:46:25.719Z
Q108147632,PoGa,false,HANDHELD,,2010,,0,0,0,0,0,0,false,,,,2026-02-26T01:46:01.146Z
Q97209535,Pokémon TV,false,MOBILE,,,,0,0,0,0,0,0,false,,,,2026-02-26T01:46:32.212Z
Q112027954,Pokitto,false,HANDHELD,,2018,,0,0,0,0,0,0,false,,,,2026-02-26T01:46:01.146Z
Q1191534,PolyStation,false,HOME_CONSOLE,,,,0,0,0,0,0,0,false,,,,2026-02-26T01:45:49.400Z
Q114766047,Powkiddy Max 2,false,HANDHELD,,2021,,0,0,0,0,0,0,false,,,,2026-02-26T01:46:57.263Z
Q124391454,Programaster 1125,false,HOME_CONSOLE,,1978,,0,0,0,0,0,0,false,,,,2026-02-26T01:47:08.306Z
Q2539086,PSP Slim,false,HANDHELD,,,,0,0,0,0,0,0,false,,,,2026-02-26T01:45:55.582Z
Q115296328,PYUA,false,HOME_CONSOLE,,2018,,0,0,0,0,0,0,false,,,,2026-02-26T01:47:08.302Z
Q10657727,Q10657727,false,HOME_CONSOLE,,,,0,0,0,0,0,0,false,,,,2026-02-26T01:46:25.716Z
Q11307948,Q11307948,false,HANDHELD,,,,0,0,0,0,0,0,false,,,,2026-02-26T01:46:01.146Z
Q11320553,Q11320553,false,HANDHELD,,2006,,0,0,0,0,0,0,false,,,,2026-02-26T01:46:25.718Z
Q11342518,Q11342518,false,HANDHELD,,,,0,0,0,0,0,0,false,,,,2026-02-26T01:46:25.718Z
Q131400580,R36S,false,HANDHELD,,2023,,0,0,0,0,0,0,false,,,,2026-02-26T01:47:38.229Z
Q108584059,Razer Edge,false,HANDHELD,,2013,,0,0,0,0,0,0,false,,,,2026-02-26T01:46:25.717Z
Q114704116,Razer Edge,false,HANDHELD,,2023,,0,0,0,0,0,0,false,,,,2026-02-26T01:46:57.263Z
Q114432776,Red Jade,false,HANDHELD,,,,0,0,0,0,0,0,false,,,,2026-02-26T01:46:01.146Z
Q115163244,Retro-Bit Super Retro-Cade,false,HOME_CONSOLE,,,,0,0,0,0,0,0,false,,,,2026-02-26T01:47:02.623Z
Q115074477,Retro Duo,false,HOME_CONSOLE,,2008,,0,0,0,0,0,0,false,,,,2026-02-26T01:46:01.148Z
Q7316980,Retro Duo Portable,false,HANDHELD,,2012,,0,0,0,0,0,0,false,,,,2026-02-26T01:46:32.211Z
Q114562247,Retroid Pocket 2+,false,HANDHELD,,,,0,0,0,0,0,0,false,,,,2026-02-26T01:46:25.719Z
Q114562286,Retroid Pocket 3,false,HANDHELD,,,,0,0,0,0,0,0,false,,,,2026-02-26T01:46:25.719Z
Q123230651,Retroid Pocket 3+,false,HANDHELD,,,,0,0,0,0,0,0,false,,,,2026-02-26T01:46:32.209Z
Q123230637,Retroid Pocket Flip,false,HANDHELD,,,,0,0,0,0,0,0,false,,,,2026-02-26T01:46:32.209Z
Q115092698,RetroUSB-AVS,false,HOME_CONSOLE,,2016,,0,0,0,0,0,0,false,,,,2026-02-26T01:46:25.723Z
Q115295007,R-Kaid-R,false,HANDHELD,,2016,,0,0,0,0,0,0,false,,,,2026-02-26T01:47:08.301Z
Q115295247,R-Kaid-R SK-4,false,HANDHELD,,2019,,0,0,0,0,0,0,false,,,,2026-02-26T01:47:08.302Z
Q134739802,ROG Xbox Ally,false,HANDHELD,,2025,,0,0,0,0,0,0,false,,,,2026-02-26T01:45:55.582Z
Q134739803,ROG Xbox Ally X,false,HANDHELD,,2025,,0,0,0,0,0,0,false,,,,2026-02-26T01:46:01.149Z
Q130616496,SD-05 Programmable TV-game,false,HOME_CONSOLE,,1978,,0,0,0,0,0,0,false,,,,2026-02-26T01:46:32.210Z
Q125546101,Sega CD 32X,false,HOME_CONSOLE,,,,0,0,0,0,0,0,false,,,,2026-02-26T01:46:32.210Z
Q10676,Sega Genesis,false,HOME_CONSOLE,,1988,1034,0,0,0,0,0,0,false,,,,2026-02-26T01:46:32.214Z
Q114797841,Sega Genesis Ultimate Portable,false,HANDHELD,,2017,,0,0,0,0,0,0,false,,,,2026-02-26T01:46:57.264Z
Q209868,Sega Master System,false,HOME_CONSOLE,,1986,263,0,0,0,0,0,0,false,,,,2026-02-26T01:47:50.114Z
Q540868,Sega Nomad,false,HANDHELD,,1995,,0,0,0,0,0,0,false,,2026-02-25T20:41:05.998Z,2026-02-25T20:41:05.998Z,2026-02-26T01:45:49.396Z
Q200912,Sega Saturn,false,HOME_CONSOLE,,1994,542,0,0,0,0,0,0,false,,,,2026-02-26T01:47:38.245Z
Q1136956,SG-1000,false,HOME_CONSOLE,,1983,43,0,0,0,0,0,0,false,,,,2026-02-26T01:46:57.261Z
Q51167470,Sharp WN-101,false,OTHER,,1982,,0,0,0,0,0,0,false,,,,2026-02-26T01:47:50.124Z
Q51167476,Sharp WN-103,false,OTHER,,1982,,0,0,0,0,0,0,false,,,,2026-02-26T01:47:50.124Z
Q51167481,Sharp WN-104,false,OTHER,,1982,,0,0,0,0,0,0,false,,,,2026-02-26T01:47:50.124Z
Q51167484,Sharp WN-105,false,OTHER,,1982,,0,0,0,0,0,0,false,,,,2026-02-26T01:47:50.124Z
Q51167487,Sharp WN-106,false,OTHER,,1982,,0,0,0,0,0,0,false,,,,2026-02-26T01:47:50.124Z
Q2710884,Sharp X1,false,COMPUTER,,,66,0,0,0,0,0,0,false,,,,2026-02-26T01:47:50.116Z
Q1758277,Sharp X68000,false,COMPUTER,,1987,83,0,0,0,0,0,0,false,,,,2026-02-26T01:47:38.237Z
Q87073867,SMACH Z,false,HANDHELD,,,,0,0,0,0,0,0,false,,,,2026-02-26T01:46:32.212Z
Q115295836,SNES-PVM,false,HOME_CONSOLE,,2019,,0,0,0,0,0,0,false,,,,2026-02-26T01:47:08.302Z
Q125622169,Sonic Speedway,false,HANDHELD,,2003,,0,0,0,0,0,0,false,,,,2026-02-26T01:47:38.228Z
Q123409195,Sony Bravia KDL-22PX300,false,HOME_CONSOLE,,,,0,0,0,0,0,0,false,,,,2026-02-26T01:47:08.305Z
Q123146950,Sprig,false,HOME_CONSOLE,,,,0,0,0,0,0,0,false,,,,2026-02-26T01:47:08.305Z
Q90706437,Star Trek – 25th Anniversary,false,HANDHELD,,,,0,0,0,0,0,0,false,,,,2026-02-26T01:48:00.542Z
Q110485819,Steam Deck LCD Model 1,false,HANDHELD,,2021,,0,0,0,0,0,0,false,,,,2026-02-26T01:46:25.717Z
Q110485855,Steam Deck LCD Model 2,false,HANDHELD,,2021,,0,0,0,0,0,0,false,,,,2026-02-26T01:46:32.216Z
Q123398523,Steam Deck OLED,false,HANDHELD,,2023,,0,0,0,0,0,0,false,,,,2026-02-26T01:47:08.305Z
Q61911084,Stunt Cycle (C-450),false,HOME_CONSOLE,,1977,,0,0,0,0,0,0,false,,,,2026-02-26T01:46:01.150Z
Q114568948,Subor Z+,false,HOME_CONSOLE,,,,0,0,0,0,0,0,false,,,,2026-02-26T01:46:25.721Z
Q121494036,Super Engine II,false,HOME_CONSOLE,,,,0,0,0,0,0,0,false,,,,2026-02-26T01:47:08.303Z
Q3504180,Super Famicom Box,false,ARCADE,,,,0,0,0,0,0,0,false,,,,2026-02-26T01:46:32.210Z
Q3459498,Super Famicom Naizou TV SF1,false,HOME_CONSOLE,,1990,,0,0,0,0,0,0,false,,,,2026-02-26T01:45:55.584Z
Q56322539,Super Game Boy 2,false,HOME_CONSOLE,,,,0,0,0,0,0,0,false,,,,2026-02-26T01:46:32.211Z
Q115108995,Super Impulse Micro Arcade,false,HANDHELD,,2019,,0,0,0,0,0,0,false,,,,2026-02-26T01:47:02.623Z
Q183259,Super Nintendo Entertainment System,false,HOME_CONSOLE,,1990,1426,0,1437,0,0,1437,0,false,,,,2026-02-26T01:47:38.239Z
Q124022227,Super Pocket,false,HANDHELD,,,,0,0,0,0,0,0,false,,,,2026-02-26T01:46:01.149Z
Q60802812,Super Pong (C-140),false,HOME_CONSOLE,,1977,,0,0,0,0,0,0,false,,,,2026-02-26T01:46:32.211Z
Q114712318,Super Retro Boy,false,HANDHELD,,2017,,0,0,0,0,0,0,false,,,,2026-02-26T01:46:57.263Z
Q68063477,T-800C,false,HOME_CONSOLE,,1977,,0,0,0,0,0,0,false,,,,2026-02-26T01:47:56.599Z
Q79327454,Talent TV & Pong set,false,HOME_CONSOLE,,1977,,0,0,0,0,0,0,false,,,,2026-02-26T01:48:00.541Z
Q123230539,Tassei Denki Project Nadeshiko,false,HANDHELD,,,,0,0,0,0,0,0,false,,,,2026-02-26T01:46:01.149Z
Q124052252,Tassei Denki Project RadaR,false,HANDHELD,,,,0,0,0,0,0,0,false,,,,2026-02-26T01:46:32.210Z
Q123230527,Tassei Denki Saturn display model,false,HOME_CONSOLE,,,,0,0,0,0,0,0,false,,,,2026-02-26T01:46:25.724Z
Q97498608,Teenage Mutant Hero Turtles,false,HANDHELD,,1991,,0,0,0,0,0,0,false,,,,2026-02-26T01:48:00.545Z
Q97498100,Teenage Mutant Ninja Turtles,false,HANDHELD,,1989,,0,0,0,0,0,0,false,,,,2026-02-26T01:48:00.544Z
Q97498121,Teenage Mutant Ninja Turtles 3: Shredder's Last Stand,false,HANDHELD,,1991,,0,0,0,0,0,0,false,,,,2026-02-26T01:48:00.545Z
Q97498039,Teenage Mutant Ninja Turtles Basketball,false,HANDHELD,,1991,,0,0,0,0,0,0,false,,,,2026-02-26T01:48:00.544Z
Q97498533,Teenage Mutant Ninja Turtles: Four for Four,false,HANDHELD,,1992,,0,0,0,0,0,0,false,,,,2026-02-26T01:48:00.545Z
Q97500206,Teenage Mutant Ninja Turtles: The Way of the Warrior,false,HANDHELD,,2006,,0,0,0,0,0,0,false,,,,2026-02-26T01:48:00.545Z
Q72827185,Teleplay (Bream Player Special),false,HOME_CONSOLE,,1977,,0,0,0,0,0,0,false,,,,2026-02-26T01:47:56.600Z
Q66204007,tele-sports III,false,HOME_CONSOLE,,1978,,0,0,0,0,0,0,false,,,,2026-02-26T01:46:32.211Z
Q65954963,Tele-Sports IV,false,HOME_CONSOLE,,1978,,0,0,0,0,0,0,false,,,,2026-02-26T01:47:56.597Z
Q121493790,Telsport 302,false,HOME_CONSOLE,,,,0,0,0,0,0,0,false,,,,2026-02-26T01:47:08.303Z
Q115108092,Tetripidation,false,HANDHELD,,2018,,0,0,0,0,0,0,false,,,,2026-02-26T01:47:02.622Z
Q115108942,Tetris Microcard,false,HANDHELD,,2016,,0,0,0,0,0,0,false,,,,2026-02-26T01:47:02.622Z
Q454390,Texas Instruments TI-99/4A,false,COMPUTER,,,40,0,0,0,0,0,0,false,,,,2026-02-26T01:47:50.119Z
Q127669857,The 400 Mini,false,HOME_CONSOLE,,2024,,0,0,0,0,0,0,false,,,,2026-02-26T01:46:32.210Z
Q122583703,The Express,false,HANDHELD,,,,0,0,0,0,0,0,false,,,,2026-02-26T01:47:08.304Z
Q115185416,The Express,false,HANDHELD,,,,0,0,0,0,0,0,false,,,,2026-02-26T01:47:08.301Z
Q2396081,Thomson MO5,false,COMPUTER,,,38,0,0,0,0,0,0,false,,,,2026-02-26T01:47:50.115Z
Q55315688,Thomson TO,false,COMPUTER,,,31,0,0,0,0,0,0,false,,,,2026-02-26T01:47:50.124Z
Q111990345,Thumby,false,HANDHELD,,2022,,0,0,0,0,0,0,false,,,,2026-02-26T01:45:55.584Z
Q128846369,Thumby Color,false,HANDHELD,,2025,,0,0,0,0,0,0,false,,,,2026-02-26T01:47:38.229Z
Q56473777,TIC-80,false,COMPUTER,,2016,,0,0,0,0,0,0,false,,,,2026-02-26T01:45:55.582Z
Q114833821,Tiny Arcade,false,HANDHELD,,,,0,0,0,0,0,0,false,,,,2026-02-26T01:46:57.265Z
Q114653869,Tiny GamePi15,false,HANDHELD,,,,0,0,0,0,0,0,false,,,,2026-02-26T01:46:57.263Z
Q114562350,TinyPi,false,HANDHELD,,,,0,0,0,0,0,0,false,,,,2026-02-26T01:46:25.720Z
Q7820422,Tomytronic 3D,false,HANDHELD,,,,0,0,0,0,0,0,false,,,,2026-02-26T01:45:55.584Z
Q10383256,Top Game,false,HOME_CONSOLE,,,,0,0,0,0,0,0,false,,,,2026-02-26T01:45:55.585Z
Q1411846,TRS-80 Color Computer,false,COMPUTER,,,31,0,0,0,0,0,0,false,,,,2026-02-26T01:47:38.233Z
Q610305,TRS-80 Model I,false,COMPUTER,,,117,0,0,0,0,0,0,false,,,,2026-02-26T01:47:50.125Z
Q966193,TurboExpress,false,HANDHELD,,1990,,0,0,0,0,0,0,false,,,,2026-02-26T01:45:49.400Z
Q1057377,TurboGrafx-16,false,HOME_CONSOLE,,1987,329,0,0,0,0,0,0,false,,,,2026-02-26T01:46:32.213Z
Q11319746,TV Baseball,false,HOME_CONSOLE,,1978,,0,0,0,0,0,0,false,,,,2026-02-26T01:46:25.717Z
Q66809851,TVG 4010-6,false,HOME_CONSOLE,,1977,,0,0,0,0,0,0,false,,,,2026-02-26T01:46:32.211Z
Q20965967,tvOS,false,COMPUTER,,,239,0,0,0,0,0,0,false,,,,2026-02-26T01:47:50.114Z
Q103980885,TV Sports Star Model-105,false,HOME_CONSOLE,,1977,,0,0,0,0,0,0,false,,,,2026-02-26T01:46:32.213Z
Q11319573,TV VADER,false,HOME_CONSOLE,,1980,,0,0,0,0,0,0,false,,,,2026-02-26T01:45:55.581Z
Q114653968,uChip Simple VGA Console,false,HOME_CONSOLE,,2021,,0,0,0,0,0,0,false,,,,2026-02-26T01:46:57.263Z
Q127577486,Universal Game Computer,false,COMPUTER,,1982,,0,0,0,0,0,0,false,,,,2026-02-26T01:47:38.228Z
Q114833915,unnamed Amazon console,false,HOME_CONSOLE,,2013,,0,0,0,0,0,0,false,,,,2026-02-26T01:46:25.722Z
Q114811062,unnamed SNK console,false,HOME_CONSOLE,,2021,,0,0,0,0,0,0,false,,,,2026-02-26T01:46:25.722Z
Q579739,Uzebox,false,HOME_CONSOLE,,2008,,0,0,0,0,0,0,false,,,,2026-02-26T01:45:55.582Z
Q3552867,V.Flash,false,HOME_CONSOLE,,2006,,0,0,0,0,0,0,false,,,,2026-02-26T01:45:55.581Z
Q11330849,Video Challenger,false,HOME_CONSOLE,,1987,,0,0,0,0,0,0,false,,,,2026-02-26T01:45:55.584Z
Q67201547,video sports (TJ-142),false,HOME_CONSOLE,,1977,,0,0,0,0,0,0,false,,,,2026-02-26T01:47:56.598Z
Q1206706,Vii,false,HOME_CONSOLE,,2008,,0,0,0,0,0,0,false,,,,2026-02-26T01:45:49.400Z
Q164651,Virtual Boy,false,HOME_CONSOLE,,1995,25,0,0,0,0,0,0,false,,,,2026-02-26T01:47:38.234Z
Q11330544,VISICOM,false,HOME_CONSOLE,,1978,,0,0,0,0,0,0,false,,,,2026-02-26T01:46:25.718Z
Q70094339,Visicom Video Computer System Model COM-100,false,COMPUTER,,1978,,0,0,0,0,0,0,false,,,,2026-02-26T01:46:32.211Z
Q119105052,visionOS,false,COMPUTER,,,20,0,0,0,0,0,0,false,,,,2026-02-26T01:47:08.303Z
Q1055215,V.Smile,false,HOME_CONSOLE,,2004,,0,0,0,0,0,0,false,,,,2026-02-26T01:45:55.580Z
Q15141706,V.Smile Pocket,false,HANDHELD,,2005,,0,0,0,0,0,0,false,,,,2026-02-26T01:46:32.210Z
Q60787041,VTech 3D Gamate,false,HANDHELD,,,,0,0,0,0,0,0,false,,,,2026-02-26T01:45:55.584Z
Q2502670,VTech CreatiVision,false,HOME_CONSOLE,,1982,,0,0,0,0,0,0,false,,,,2026-02-26T01:45:49.401Z
Q7907640,VTech PreComputer 2000,false,HANDHELD,,1993,,0,0,0,0,0,0,false,,,,2026-02-26T01:46:01.150Z
Q58823796,VTech ProScreen,false,HANDHELD,,1984,,0,0,0,0,0,0,false,,,,2026-02-26T01:47:50.124Z
Q7907638,VTech Socrates,false,HOME_CONSOLE,,1988,,0,0,0,0,0,0,false,,,,2026-02-26T01:45:55.581Z
Q58822962,VTech Variety,false,HANDHELD,,1983,,0,0,0,0,0,0,false,,,,2026-02-26T01:45:55.584Z
Q114810601,Warrior 64,false,HOME_CONSOLE,,,,0,0,0,0,0,0,false,,,,2026-02-26T01:46:25.721Z
Q732683,Watara Supervision,false,HANDHELD,,1992,,0,0,0,0,0,0,false,,,,2026-02-26T01:45:49.399Z
Q114810752,weecee,false,HOME_CONSOLE,,2021,,0,0,0,0,0,0,false,,,,2026-02-26T01:46:25.721Z
Q194629,Wii Mini,false,HOME_CONSOLE,,2012,,0,0,0,0,0,0,false,,,,2026-02-26T01:45:55.581Z
Q114711544,WinkPax G1,false,HYBRID,,2017,,0,0,0,0,0,0,false,,,,2026-02-26T01:46:57.263Z
Q1065792,WonderSwan,false,HANDHELD,,1999,56,0,0,0,0,0,0,false,,,,2026-02-26T01:46:32.214Z
Q1048035,WonderSwan Color,false,HANDHELD,,2000,33,0,0,0,0,0,0,false,,,,2026-02-26T01:46:32.213Z
Q4053373,Xbox 360 S,false,HOME_CONSOLE,,,,0,0,0,0,0,0,false,,,,2026-02-26T01:46:01.145Z
Q121493810,XD 8001,false,HOME_CONSOLE,,,,0,0,0,0,0,0,false,,,,2026-02-26T01:47:08.303Z
Q16570349,XGP Kids,false,HANDHELD,,,,0,0,0,0,0,0,false,,,,2026-02-26T01:46:01.149Z
Q114810654,Xueebaoy 180 In 1 Rertro Mini Arcade Game Console,false,HANDHELD,,,,0,0,0,0,0,0,false,,,,2026-02-26T01:46:57.265Z
Q114815892,Yinlips YDP-G18,false,HANDHELD,,2011,,0,0,0,0,0,0,false,,,,2026-02-26T01:46:25.722Z
Q55662883,Yinlips YDP-G19,false,HANDHELD,,2010,,0,0,0,0,0,0,false,,,,2026-02-26T01:46:32.211Z
Q115075229,Yobo FC-16 Go,false,HANDHELD,,,,0,0,0,0,0,0,false,,,,2026-02-26T01:47:02.621Z
Q184372,Zeebo,false,HOME_CONSOLE,,2009,20,0,0,0,0,0,0,false,,,,2026-02-26T01:47:38.240Z
Q114785146,ZPG Pro,false,HANDHELD,,,,0,0,0,0,0,0,false,,,,2026-02-26T01:46:57.264Z
Q114785153,Z-Pocket Game,false,HANDHELD,,,,0,0,0,0,0,0,false,,,,2026-02-26T01:46:57.264Z
Q124052277,Zuiki X68000 Z,false,COMPUTER,,,,0,0,0,0,0,0,false,,,,2026-02-26T01:46:01.149Z
Q23882,ZX Spectrum,false,COMPUTER,,,1654,0,0,0,0,0,0,false,,,,2026-02-26T01:47:50.115Z
Q25103632,ZX Spectrum Vega,false,COMPUTER,,2015,,0,0,0,0,0,0,false,,,,2026-02-26T01:45:55.582Z
Q25104558,ZX Spectrum Vega+,false,HANDHELD,,2018,,0,0,0,0,0,0,false,,,,2026-02-26T01:46:01.145Z
Q112865452,Кроха,false,HOME_CONSOLE,,1990,,0,0,0,0,0,0,false,,,,2026-02-26T01:46:25.717Z
